rownum,site,latitude,longitude,building_type,roof_design,ceiling,occ_confirmed_by_owner,signs,sighted_heard,occ_bin,score
244,A,redacted,redacted,zmodern,triangle,Y,Y,Y,N,1,5
245,A,redacted,redacted,zmodern,triangle,NA,Y,Y,N,1,5
246,A,redacted,redacted,zmodern,triangle,N,Y,Y,N,1,5
247,A,redacted,redacted,zmodern,triangle,N,Y,Y,N,1,5
248,A,redacted,redacted,zmodern,triangle,Y,N,Y,NA,1,5
249,A,redacted,redacted,zmodern,triangle,Y,N,Y,NA,1,5
250,A,redacted,redacted,zmodern,triangle,NA,Y,Y,Y,1,5
251,A,redacted,redacted,zmodern,triangle,Y,N,Y,N,1,5
252,A,redacted,redacted,zmodern,other,N,NA,NA,NA,NA,1
253,A,redacted,redacted,other,triangle,N,NA,NA,NA,NA,1
254,A,redacted,redacted,zmodern,other,N,NA,NA,NA,NA,1
255,A,redacted,redacted,zmodern,other,N,NA,NA,NA,NA,1
256,A,redacted,redacted,zmodern,other,N,NA,NA,NA,NA,1
257,A,redacted,redacted,other,triangle,N,NA,NA,NA,NA,1
258,A,redacted,redacted,zmodern,other,N,N,N,N,0,1
259,A,redacted,redacted,zmodern,other,N,N,N,N,0,1
260,A,redacted,redacted,other,triangle,N,N,N,N,0,0
261,A,redacted,redacted,other,other,N,N,NA,NA,0,0
262,A,redacted,redacted,other,triangle,N,N,N,N,0,0
263,A,redacted,redacted,zmodern,triangle,Y,N,N,N,0,3
264,A,redacted,redacted,other,triangle,N,N,NA,NA,0,0
265,A,redacted,redacted,other,other,N,N,N,N,0,0
266,A,redacted,redacted,other,other,N,N,NA,NA,0,0
267,A,redacted,redacted,other,other,N,N,NA,NA,0,0
268,A,redacted,redacted,other,other,N,N,NA,NA,0,0
269,A,redacted,redacted,other,other,N,N,NA,NA,0,0
270,A,redacted,redacted,zmodern,other,N,N,N,N,0,1
271,A,redacted,redacted,other,other,N,N,N,N,0,0
272,A,redacted,redacted,zmodern,triangle,N,N,NA,NA,0,2
273,A,redacted,redacted,zmodern,other,N,N,NA,NA,0,1
274,A,redacted,redacted,other,other,N,N,NA,NA,0,0
275,A,redacted,redacted,other,triangle,N,N,NA,NA,0,1
276,A,redacted,redacted,other,other,N,NA,N,N,0,0
277,A,redacted,redacted,other,other,N,NA,N,N,0,0
278,A,redacted,redacted,other,other,N,N,NA,NA,0,0
279,A,redacted,redacted,zmodern,other,N,N,NA,NA,0,2
280,A,redacted,redacted,other,other,N,N,NA,NA,0,0
281,A,redacted,redacted,zmodern,other,N,NA,NA,NA,NA,1
1,B,redacted,redacted,zmodern,triangle,Y,Y,Y,Y,1,5
3,B,redacted,redacted,zmodern,triangle,NA,Y,N,N,1,4
4,B,redacted,redacted,other,triangle,N,Y,Y,N,1,5
6,B,redacted,redacted,zmodern,triangle,Y,Y,N,N,1,5
7,B,redacted,redacted,other,other,N,Y,Y,Y,1,5
8,B,redacted,redacted,other,other,N,NA,Y,N,0,0
9,B,redacted,redacted,other,triangle,Y,Y,Y,N,1,5
10,B,redacted,redacted,zmodern,triangle,Y,Y,Y,N,0,0
11,B,redacted,redacted,zmodern,triangle,NA,Y,Y,N,1,5
12,B,redacted,redacted,zmodern,triangle,N,Y,Y,Y,1,5
13,B,redacted,redacted,zmodern,triangle,Y,Y,Y,Y,1,5
14,B,redacted,redacted,zmodern,triangle,N,Y,Y,N,1,5
15,B,redacted,redacted,zmodern,triangle,N,Y,Y,N,1,5
16,B,redacted,redacted,zmodern,triangle,N,Y,Y,N,1,5
17,B,redacted,redacted,zmodern,triangle,Y,Y,Y,N,1,5
18,B,redacted,redacted,zmodern,triangle,NA,NA,N,N,0,2
19,B,redacted,redacted,zmodern,triangle,NA,Y,Y,Y,1,5
20,B,redacted,redacted,zmodern,triangle,NA,Y,Y,Y,1,5
21,B,redacted,redacted,zmodern,triangle,NA,NA,Y,Y,1,5
22,B,redacted,redacted,zmodern,triangle,Y,Y,Y,N,1,5
23,B,redacted,redacted,zmodern,other,N,Y,Y,N,1,5
24,B,redacted,redacted,zmodern,triangle,N,Y,Y,Y,1,5
25,B,redacted,redacted,zmodern,triangle,NA,Y,N,N,1,4
26,B,redacted,redacted,zmodern,triangle,NA,N,N,N,0,2
27,B,redacted,redacted,zmodern,triangle,Y,N,Y,N,1,5
28,B,redacted,redacted,zmodern,triangle,Y,Y,Y,N,1,5
29,B,redacted,redacted,zmodern,triangle,Y,NA,Y,N,1,5
30,B,redacted,redacted,zmodern,triangle,Y,N,N,N,0,3
31,B,redacted,redacted,zmodern,triangle,NA,NA,NA,NA,NA,2
32,B,redacted,redacted,zmodern,triangle,NA,NA,NA,NA,NA,2
33,B,redacted,redacted,zmodern,triangle,NA,N,N,N,0,2
34,B,redacted,redacted,zmodern,other,N,NA,NA,NA,NA,1
41,B,redacted,redacted,zmodern,triangle,N,N,N,N,0,2
42,B,redacted,redacted,zmodern,triangle,NA,N,N,N,0,2
43,B,redacted,redacted,zmodern,triangle,NA,N,N,N,0,2
44,B,redacted,redacted,zmodern,other,N,N,N,N,0,1
45,B,redacted,redacted,zmodern,other,N,N,N,N,0,1
46,B,redacted,redacted,zmodern,other,N,N,N,N,0,1
47,B,redacted,redacted,zmodern,other,N,N,N,N,0,1
48,B,redacted,redacted,zmodern,other,N,N,N,N,0,1
49,B,redacted,redacted,zmodern,triangle,N,N,N,N,0,2
50,B,redacted,redacted,zmodern,other,N,N,N,N,0,1
52,B,redacted,redacted,zmodern,triangle,N,N,N,N,0,2
53,B,redacted,redacted,other,NA,N,NA,N,N,0,0
54,B,redacted,redacted,other,other,N,N,NA,NA,0,0
57,B,redacted,redacted,zmodern,triangle,NA,N,N,NA,0,2
58,B,redacted,redacted,other,other,N,NA,NA,NA,0,0
59,B,redacted,redacted,zmodern,other,N,N,N,N,0,2
60,B,redacted,redacted,other,other,N,N,NA,NA,0,0
61,B,redacted,redacted,other,other,N,N,NA,NA,0,0
62,B,redacted,redacted,other,other,N,N,N,N,0,0
63,B,redacted,redacted,other,other,N,N,N,N,0,0
64,B,redacted,redacted,other,other,N,N,NA,NA,0,0
65,B,redacted,redacted,other,other,N,NA,N,N,0,0
66,B,redacted,redacted,zmodern,triangle,Y,N,NA,NA,0,3
67,B,redacted,redacted,other,other,N,N,NA,NA,0,0
68,B,redacted,redacted,other,other,N,N,NA,NA,0,0
69,B,redacted,redacted,other,other,N,N,N,N,0,0
70,B,redacted,redacted,other,other,N,NA,N,N,0,0
71,B,redacted,redacted,other,triangle,N,NA,N,NA,0,1
72,B,redacted,redacted,other,triangle,N,NA,N,NA,0,1
73,B,redacted,redacted,other,other,N,N,NA,NA,0,0
74,B,redacted,redacted,other,triangle,N,NA,N,NA,0,1
75,B,redacted,redacted,other,other,N,N,N,NA,0,0
76,B,redacted,redacted,other,other,N,N,N,NA,0,0
77,B,redacted,redacted,other,other,N,N,NA,NA,0,0
78,B,redacted,redacted,other,other,N,NA,N,NA,0,0
79,B,redacted,redacted,other,other,N,N,N,NA,0,0
81,B,redacted,redacted,other,other,N,N,N,NA,0,0
82,B,redacted,redacted,other,other,N,N,N,NA,0,0
83,B,redacted,redacted,other,other,N,N,NA,NA,0,0
84,B,redacted,redacted,other,other,N,NA,N,NA,0,0
85,B,redacted,redacted,other,triangle,N,NA,N,NA,0,1
86,B,redacted,redacted,other,other,N,N,NA,NA,0,0
87,B,redacted,redacted,other,triangle,N,N,N,NA,0,1
88,B,redacted,redacted,zmodern,triangle,NA,N,NA,NA,0,2
89,B,redacted,redacted,zmodern,triangle,N,N,NA,NA,0,2
90,B,redacted,redacted,other,other,N,N,N,N,0,0
91,B,redacted,redacted,other,other,Y,N,NA,NA,0,1
92,B,redacted,redacted,other,other,N,NA,N,NA,0,0
93,B,redacted,redacted,zmodern,triangle,N,N,N,N,0,2
94,B,redacted,redacted,other,other,N,N,NA,NA,0,0
95,B,redacted,redacted,other,triangle,N,N,NA,NA,0,1
96,B,redacted,redacted,other,other,N,N,N,N,0,0
97,B,redacted,redacted,other,other,N,N,NA,NA,0,0
98,B,redacted,redacted,other,other,N,NA,N,NA,0,0
99,B,redacted,redacted,other,other,N,N,N,NA,0,0
100,B,redacted,redacted,other,other,N,NA,N,NA,0,0
101,B,redacted,redacted,other,other,N,N,NA,NA,0,0
102,B,redacted,redacted,other,triangle,N,N,N,NA,0,1
103,B,redacted,redacted,other,triangle,N,N,N,N,0,1
104,B,redacted,redacted,other,triangle,N,N,N,N,0,1
105,B,redacted,redacted,other,other,N,N,NA,NA,0,0
106,B,redacted,redacted,other,other,N,N,N,N,0,0
107,B,redacted,redacted,zmodern,triangle,N,N,N,NA,0,2
108,B,redacted,redacted,zmodern,triangle,N,N,NA,NA,0,2
109,B,redacted,redacted,zmodern,other,N,N,N,NA,0,1
110,B,redacted,redacted,zmodern,other,N,N,N,NA,0,1
111,B,redacted,redacted,zmodern,other,N,N,N,NA,0,1
112,B,redacted,redacted,zmodern,other,N,N,NA,NA,0,1
113,B,redacted,redacted,zmodern,triangle,Y,N,NA,NA,0,3
114,B,redacted,redacted,other,other,N,N,N,N,0,0
115,B,redacted,redacted,other,other,N,N,N,N,0,0
116,B,redacted,redacted,zmodern,triangle,N,N,NA,NA,0,2
117,B,redacted,redacted,zmodern,triangle,N,N,NA,NA,0,2
118,B,redacted,redacted,other,other,N,N,N,N,0,0
119,B,redacted,redacted,other,other,N,N,NA,NA,0,0
120,B,redacted,redacted,NA,other,N,NA,N,N,0,0
121,B,redacted,redacted,zmodern,triangle,N,N,N,NA,0,2
122,B,redacted,redacted,zmodern,triangle,NA,N,NA,NA,0,2
123,B,redacted,redacted,zmodern,other,N,N,N,N,0,1
124,B,redacted,redacted,zmodern,other,N,N,NA,NA,0,1
125,B,redacted,redacted,zmodern,other,N,N,NA,NA,0,1
126,B,redacted,redacted,zmodern,triangle,N,N,N,NA,0,2
127,B,redacted,redacted,zmodern,triangle,N,N,N,NA,0,2
128,B,redacted,redacted,zmodern,triangle,N,N,N,NA,0,2
129,B,redacted,redacted,zmodern,triangle,N,N,N,NA,0,2
130,B,redacted,redacted,zmodern,triangle,N,N,N,NA,0,2
131,B,redacted,redacted,zmodern,triangle,N,N,N,NA,0,2
132,B,redacted,redacted,other,other,N,N,N,N,0,0
133,B,redacted,redacted,zmodern,triangle,Y,N,NA,NA,0,3
134,B,redacted,redacted,zmodern,other,N,NA,N,NA,0,1
135,B,redacted,redacted,zmodern,other,N,N,N,NA,0,1
136,B,redacted,redacted,zmodern,other,N,N,N,NA,0,1
137,B,redacted,redacted,zmodern,other,N,N,N,NA,0,1
138,B,redacted,redacted,zmodern,other,N,N,N,NA,0,1
139,B,redacted,redacted,zmodern,other,N,N,N,NA,0,1
140,B,redacted,redacted,zmodern,other,N,N,N,NA,0,1
141,B,redacted,redacted,zmodern,other,N,N,N,NA,0,1
142,B,redacted,redacted,zmodern,other,N,N,N,NA,0,1
143,B,redacted,redacted,zmodern,other,N,N,N,NA,0,1
144,B,redacted,redacted,zmodern,other,N,N,N,NA,0,1
145,B,redacted,redacted,zmodern,other,N,N,N,NA,0,1
146,B,redacted,redacted,zmodern,other,N,N,N,NA,0,1
147,B,redacted,redacted,zmodern,other,N,N,N,NA,0,1
148,B,redacted,redacted,zmodern,other,N,N,N,NA,0,1
149,B,redacted,redacted,zmodern,other,N,N,N,NA,0,1
150,B,redacted,redacted,zmodern,other,N,N,N,NA,0,1
151,B,redacted,redacted,zmodern,other,N,N,N,NA,0,1
152,B,redacted,redacted,zmodern,triangle,N,N,NA,NA,0,2
153,B,redacted,redacted,zmodern,triangle,N,N,NA,NA,0,2
154,B,redacted,redacted,zmodern,triangle,N,N,NA,NA,0,2
155,B,redacted,redacted,zmodern,triangle,N,N,NA,NA,0,2
156,B,redacted,redacted,other,other,N,NA,NA,NA,0,0
157,B,redacted,redacted,other,other,N,N,N,N,0,0
158,B,redacted,redacted,zmodern,triangle,N,N,NA,NA,0,2
159,B,redacted,redacted,other,other,N,N,NA,NA,0,0
160,B,redacted,redacted,zmodern,triangle,N,N,N,NA,0,2
161,B,redacted,redacted,zmodern,triangle,N,N,N,NA,0,2
162,B,redacted,redacted,zmodern,other,N,N,N,N,0,1
163,B,redacted,redacted,zmodern,other,N,N,N,N,0,1
164,B,redacted,redacted,zmodern,other,N,N,N,N,0,1
165,B,redacted,redacted,zmodern,other,N,N,N,N,0,1
166,B,redacted,redacted,zmodern,triangle,N,N,N,NA,0,2
167,B,redacted,redacted,zmodern,triangle,N,N,N,NA,0,2
168,B,redacted,redacted,zmodern,other,N,N,N,N,0,1
169,B,redacted,redacted,zmodern,other,N,N,N,N,0,1
170,B,redacted,redacted,zmodern,other,N,N,N,N,0,1
171,B,redacted,redacted,zmodern,other,N,N,N,N,0,1
172,B,redacted,redacted,other,other,N,N,NA,NA,0,0
173,B,redacted,redacted,other,other,N,N,NA,NA,0,0
174,B,redacted,redacted,zmodern,triangle,N,N,N,N,0,2
175,B,redacted,redacted,zmodern,other,N,N,N,NA,0,1
176,B,redacted,redacted,other,other,N,N,NA,NA,0,0
177,B,redacted,redacted,other,other,N,NA,N,NA,0,0
178,B,redacted,redacted,zmodern,triangle,NA,N,NA,NA,0,2
179,B,redacted,redacted,zmodern,other,N,N,N,N,0,1
180,B,redacted,redacted,zmodern,other,N,N,N,N,0,1
181,B,redacted,redacted,zmodern,other,N,N,N,NA,0,1
182,B,redacted,redacted,zmodern,other,N,N,N,N,0,1
183,B,redacted,redacted,zmodern,other,N,N,N,N,0,1
184,B,redacted,redacted,zmodern,other,N,N,N,N,0,1
185,B,redacted,redacted,zmodern,other,N,N,N,N,0,1
186,B,redacted,redacted,zmodern,other,N,N,N,N,0,1
187,B,redacted,redacted,zmodern,other,N,N,N,N,0,1
188,B,redacted,redacted,zmodern,other,N,N,N,N,0,1
189,B,redacted,redacted,zmodern,other,N,N,N,N,0,1
190,B,redacted,redacted,zmodern,other,N,N,N,N,0,1
191,B,redacted,redacted,other,other,N,NA,NA,NA,0,0
192,B,redacted,redacted,zmodern,triangle,N,N,N,N,0,2
193,B,redacted,redacted,zmodern,triangle,N,N,N,N,0,2
194,B,redacted,redacted,zmodern,triangle,N,N,N,N,0,2
195,B,redacted,redacted,zmodern,triangle,N,N,N,N,0,2
196,B,redacted,redacted,zmodern,triangle,NA,N,N,NA,0,2
197,B,redacted,redacted,zmodern,other,N,N,N,N,0,1
198,B,redacted,redacted,zmodern,other,N,N,N,NA,0,1
199,B,redacted,redacted,zmodern,triangle,NA,N,N,N,0,2
200,B,redacted,redacted,other,other,N,N,NA,NA,0,0
201,B,redacted,redacted,other,other,N,N,NA,NA,0,0
202,B,redacted,redacted,other,other,N,N,NA,NA,0,0
203,B,redacted,redacted,other,other,N,N,NA,NA,0,0
204,B,redacted,redacted,zmodern,other,N,N,N,NA,0,1
205,B,redacted,redacted,zmodern,other,N,N,NA,NA,0,1
206,B,redacted,redacted,zmodern,other,N,N,NA,NA,0,1
207,B,redacted,redacted,other,other,N,N,NA,NA,0,0
208,B,redacted,redacted,other,other,N,N,NA,NA,0,0
209,B,redacted,redacted,other,other,N,N,N,NA,0,0
211,B,redacted,redacted,zmodern,triangle,N,N,N,NA,0,2
212,B,redacted,redacted,zmodern,triangle,N,N,Y,N,1,4
213,B,redacted,redacted,zmodern,other,N,N,N,N,0,1
214,B,redacted,redacted,other,other,N,N,NA,NA,0,0
215,B,redacted,redacted,other,other,N,NA,NA,NA,0,0
216,B,redacted,redacted,zmodern,triangle,N,N,N,N,0,2
217,B,redacted,redacted,zmodern,triangle,N,N,N,N,0,2
218,B,redacted,redacted,zmodern,triangle,Y,N,N,N,0,3
219,B,redacted,redacted,zmodern,other,N,N,N,N,0,1
220,B,redacted,redacted,other,triangle,N,N,N,N,0,0
221,B,redacted,redacted,other,other,N,N,N,N,0,0
222,B,redacted,redacted,other,other,N,N,NA,NA,0,0
223,B,redacted,redacted,other,other,N,N,NA,NA,0,0
224,B,redacted,redacted,other,other,N,N,NA,NA,0,0
225,B,redacted,redacted,other,other,N,N,N,N,0,0
226,B,redacted,redacted,other,other,N,N,N,N,0,0
227,B,redacted,redacted,other,other,N,N,N,N,0,0
228,B,redacted,redacted,other,other,N,N,N,N,0,0
229,B,redacted,redacted,other,other,N,N,N,N,0,0
230,B,redacted,redacted,other,other,N,N,N,N,0,0
233,B,redacted,redacted,zmodern,triangle,NA,NA,NA,NA,NA,2
234,B,redacted,redacted,other,triangle,N,NA,N,N,0,1
235,B,redacted,redacted,zmodern,other,N,NA,NA,NA,NA,1
236,B,redacted,redacted,zmodern,triangle,NA,NA,NA,NA,NA,2
237,B,redacted,redacted,zmodern,other,N,NA,NA,NA,NA,1
238,B,redacted,redacted,other,triangle,N,NA,NA,NA,NA,1
239,B,redacted,redacted,zmodern,triangle,NA,NA,NA,NA,NA,2
240,B,redacted,redacted,zmodern,triangle,NA,NA,NA,NA,NA,2
241,B,redacted,redacted,zmodern,other,N,NA,NA,NA,NA,1
242,B,redacted,redacted,zmodern,other,NA,NA,NA,NA,NA,2
243,B,redacted,redacted,other,triangle,N,NA,NA,NA,NA,1
653,B,redacted,redacted,zmodern,triangle,NA,NA,NA,NA,NA,2
654,B,redacted,redacted,zmodern,triangle,NA,NA,NA,NA,NA,2
655,B,redacted,redacted,zmodern,triangle,NA,NA,NA,NA,NA,2
656,B,redacted,redacted,zmodern,triangle,NA,NA,NA,NA,NA,2
657,B,redacted,redacted,zmodern,triangle,NA,NA,NA,NA,NA,2
658,B,redacted,redacted,zmodern,triangle,NA,NA,NA,NA,NA,2
659,B,redacted,redacted,zmodern,other,N,NA,NA,NA,NA,1
660,B,redacted,redacted,zmodern,other,N,NA,NA,NA,NA,1
661,B,redacted,redacted,zmodern,other,N,NA,NA,NA,NA,1
662,B,redacted,redacted,zmodern,other,N,NA,NA,NA,NA,1
663,B,redacted,redacted,zmodern,other,N,NA,NA,NA,NA,1
664,B,redacted,redacted,zmodern,other,N,NA,NA,NA,NA,1
665,B,redacted,redacted,zmodern,triangle,NA,NA,NA,NA,NA,2
666,B,redacted,redacted,zmodern,other,N,NA,NA,NA,NA,1
667,B,redacted,redacted,zmodern,other,N,NA,NA,NA,NA,1
668,B,redacted,redacted,zmodern,triangle,NA,NA,NA,NA,NA,2
669,B,redacted,redacted,zmodern,triangle,NA,NA,NA,NA,NA,2
670,B,redacted,redacted,zmodern,triangle,NA,NA,NA,NA,NA,2
671,B,redacted,redacted,zmodern,other,N,NA,NA,NA,NA,1
672,B,redacted,redacted,zmodern,other,N,NA,NA,NA,NA,1
673,B,redacted,redacted,zmodern,triangle,NA,NA,NA,NA,NA,2
674,B,redacted,redacted,zmodern,other,N,NA,NA,NA,NA,1
675,B,redacted,redacted,zmodern,triangle,NA,NA,NA,NA,NA,2
676,B,redacted,redacted,zmodern,other,N,NA,NA,NA,NA,1
677,B,redacted,redacted,zmodern,other,N,NA,NA,NA,NA,1
678,B,redacted,redacted,zmodern,other,N,NA,NA,NA,NA,1
679,B,redacted,redacted,zmodern,triangle,NA,NA,NA,NA,NA,2
680,B,redacted,redacted,zmodern,triangle,NA,NA,NA,NA,NA,2
681,B,redacted,redacted,other,other,N,NA,NA,NA,NA,0
682,B,redacted,redacted,zmodern,other,N,NA,NA,NA,NA,1
683,B,redacted,redacted,zmodern,other,N,NA,NA,NA,NA,1
684,B,redacted,redacted,zmodern,other,N,NA,NA,NA,NA,1
685,B,redacted,redacted,zmodern,other,N,NA,NA,NA,NA,1
686,B,redacted,redacted,zmodern,other,N,NA,NA,NA,NA,1
687,B,redacted,redacted,zmodern,triangle,NA,NA,NA,NA,NA,2
688,B,redacted,redacted,zmodern,triangle,NA,NA,NA,NA,NA,2
689,B,redacted,redacted,zmodern,triangle,NA,NA,NA,NA,NA,2
690,B,redacted,redacted,zmodern,other,N,NA,NA,NA,NA,1
691,B,redacted,redacted,zmodern,triangle,NA,NA,NA,NA,NA,2
692,B,redacted,redacted,zmodern,other,N,NA,NA,NA,NA,1
282,C,redacted,redacted,zmodern,triangle,Y,Y,Y,Y,1,5
283,C,redacted,redacted,zmodern,triangle,N,Y,Y,Y,1,5
284,C,redacted,redacted,other,triangle,N,NA,Y,N,0,0
285,C,redacted,redacted,other,other,N,NA,Y,N,0,0
286,C,redacted,redacted,zmodern,triangle,N,Y,Y,Y,1,5
287,C,redacted,redacted,zmodern,triangle,NA,Y,Y,Y,1,5
288,C,redacted,redacted,zmodern,triangle,NA,Y,Y,N,1,5
289,C,redacted,redacted,zmodern,triangle,N,Y,Y,N,1,5
290,C,redacted,redacted,zmodern,triangle,NA,NA,N,NA,0,2
291,C,redacted,redacted,zmodern,triangle,NA,Y,N,N,1,4
292,C,redacted,redacted,other,other,N,Y,N,N,1,2
293,C,redacted,redacted,other,other,N,Y,N,N,1,2
294,C,redacted,redacted,zmodern,triangle,N,Y,Y,N,1,5
295,C,redacted,redacted,zmodern,triangle,NA,NA,NA,NA,NA,2
296,C,redacted,redacted,zmodern,other,N,N,N,N,0,1
297,C,redacted,redacted,other,triangle,N,N,N,N,0,0
298,C,redacted,redacted,other,triangle,N,N,N,N,0,0
299,C,redacted,redacted,other,triangle,N,N,N,N,0,0
300,C,redacted,redacted,other,other,N,NA,N,N,0,0
301,C,redacted,redacted,zmodern,triangle,N,N,Y,N,1,4
302,C,redacted,redacted,zmodern,triangle,NA,NA,N,N,0,2
303,C,redacted,redacted,other,other,N,N,NA,NA,0,0
304,C,redacted,redacted,zmodern,triangle,N,N,Y,NA,1,4
305,C,redacted,redacted,zmodern,triangle,N,N,Y,NA,1,4
306,C,redacted,redacted,other,other,N,N,NA,NA,0,0
307,C,redacted,redacted,other,other,N,N,NA,NA,0,0
308,C,redacted,redacted,other,other,N,N,NA,NA,0,0
309,C,redacted,redacted,zmodern,triangle,NA,N,N,N,0,2
310,C,redacted,redacted,other,other,N,NA,N,N,0,0
311,C,redacted,redacted,other,other,N,N,NA,NA,0,0
312,C,redacted,redacted,zmodern,other,N,N,N,NA,0,1
313,C,redacted,redacted,zmodern,triangle,N,N,N,NA,0,2
314,C,redacted,redacted,other,other,N,N,NA,NA,0,0
315,C,redacted,redacted,other,triangle,N,N,N,NA,0,1
316,C,redacted,redacted,other,other,N,N,N,NA,0,0
317,C,redacted,redacted,zmodern,other,N,N,N,NA,0,1
322,C,redacted,redacted,other,triangle,N,N,N,NA,0,1
323,C,redacted,redacted,other,triangle,N,N,N,NA,0,1
324,C,redacted,redacted,other,other,N,N,NA,NA,0,0
325,C,redacted,redacted,zmodern,triangle,N,N,NA,NA,0,2
326,C,redacted,redacted,zmodern,triangle,NA,N,N,NA,0,2
327,C,redacted,redacted,other,other,N,N,NA,NA,0,0
328,C,redacted,redacted,other,other,N,N,NA,NA,0,0
329,C,redacted,redacted,other,other,N,N,N,N,0,0
330,C,redacted,redacted,other,other,N,N,N,N,0,0
331,C,redacted,redacted,other,other,N,N,NA,NA,0,0
332,C,redacted,redacted,zmodern,triangle,N,N,N,N,0,2
333,C,redacted,redacted,other,other,N,N,NA,NA,0,0
334,C,redacted,redacted,other,other,N,Y,Y,N,0,0
335,C,redacted,redacted,other,other,N,N,NA,NA,0,0
336,C,redacted,redacted,other,other,N,N,NA,NA,0,0
337,C,redacted,redacted,other,other,N,N,NA,NA,0,0
338,C,redacted,redacted,other,other,N,N,NA,NA,0,0
339,C,redacted,redacted,other,other,N,NA,N,N,0,0
340,C,redacted,redacted,other,other,N,N,NA,NA,0,0
341,C,redacted,redacted,other,other,N,NA,N,N,0,0
342,C,redacted,redacted,other,other,N,N,NA,NA,0,0
343,C,redacted,redacted,other,other,N,N,N,N,0,0
344,C,redacted,redacted,zmodern,triangle,NA,N,NA,NA,0,2
345,C,redacted,redacted,zmodern,other,N,NA,N,N,0,1
346,C,redacted,redacted,zmodern,other,N,NA,N,N,0,1
347,C,redacted,redacted,other,other,N,N,NA,NA,0,0
348,C,redacted,redacted,other,other,N,N,NA,NA,0,0
349,C,redacted,redacted,other,other,N,N,N,N,0,0
350,C,redacted,redacted,zmodern,triangle,NA,NA,N,NA,0,2
351,C,redacted,redacted,zmodern,triangle,NA,NA,N,NA,0,2
352,C,redacted,redacted,zmodern,triangle,NA,NA,N,NA,0,2
353,C,redacted,redacted,other,other,N,NA,NA,NA,0,0
354,C,redacted,redacted,other,other,N,N,N,N,0,0
355,C,redacted,redacted,zmodern,other,N,N,N,N,0,1
356,C,redacted,redacted,zmodern,other,N,N,N,N,0,1
357,C,redacted,redacted,zmodern,triangle,N,N,N,N,0,2
358,C,redacted,redacted,zmodern,triangle,N,N,N,N,0,2
359,C,redacted,redacted,other,other,N,N,NA,NA,0,0
360,C,redacted,redacted,other,other,N,N,NA,NA,0,0
361,C,redacted,redacted,other,other,N,N,NA,NA,0,0
362,C,redacted,redacted,other,other,N,N,NA,NA,0,0
363,C,redacted,redacted,zmodern,other,N,NA,N,NA,0,1
364,C,redacted,redacted,zmodern,other,N,NA,N,NA,0,1
365,C,redacted,redacted,other,other,N,NA,NA,NA,0,0
366,C,redacted,redacted,other,other,Y,N,NA,NA,0,1
367,C,redacted,redacted,other,other,N,N,NA,NA,0,0
368,C,redacted,redacted,other,triangle,N,N,N,NA,0,1
369,C,redacted,redacted,other,other,N,N,NA,NA,0,0
370,C,redacted,redacted,other,other,N,N,N,NA,0,0
371,C,redacted,redacted,zmodern,other,N,NA,N,NA,0,1
372,C,redacted,redacted,zmodern,other,N,NA,N,NA,0,1
373,C,redacted,redacted,zmodern,other,N,N,N,NA,0,1
374,C,redacted,redacted,zmodern,other,N,N,N,NA,0,1
375,C,redacted,redacted,zmodern,triangle,N,N,N,NA,0,2
376,C,redacted,redacted,other,other,N,NA,N,N,0,0
377,C,redacted,redacted,other,triangle,N,N,NA,NA,0,1
378,C,redacted,redacted,other,triangle,N,N,NA,NA,0,1
379,C,redacted,redacted,other,other,N,N,NA,NA,0,0
380,C,redacted,redacted,zmodern,triangle,NA,N,NA,NA,0,2
381,C,redacted,redacted,other,other,N,NA,N,NA,0,0
382,C,redacted,redacted,other,other,N,N,NA,NA,0,0
383,C,redacted,redacted,zmodern,triangle,N,N,N,NA,0,2
384,C,redacted,redacted,other,other,N,N,NA,NA,0,0
388,C,redacted,redacted,zmodern,other,N,NA,N,NA,0,1
389,C,redacted,redacted,zmodern,other,N,NA,N,NA,0,1
390,C,redacted,redacted,other,other,N,NA,NA,NA,0,0
391,C,redacted,redacted,zmodern,triangle,N,Y,Y,N,1,5
392,C,redacted,redacted,zmodern,triangle,N,Y,Y,N,1,5
393,C,redacted,redacted,other,other,N,N,NA,NA,0,0
394,C,redacted,redacted,other,other,N,N,N,NA,0,0
395,C,redacted,redacted,zmodern,triangle,N,N,N,NA,0,2
396,C,redacted,redacted,zmodern,triangle,N,N,N,N,0,2
398,C,redacted,redacted,other,other,N,NA,N,NA,0,0
399,C,redacted,redacted,zmodern,other,N,NA,N,NA,0,1
400,C,redacted,redacted,other,other,Y,NA,N,NA,0,1
401,C,redacted,redacted,zmodern,other,N,N,NA,NA,0,1
402,C,redacted,redacted,other,NA,NA,NA,NA,NA,0,0
403,C,redacted,redacted,other,other,N,NA,N,NA,0,0
404,C,redacted,redacted,other,other,N,NA,N,NA,0,0
405,C,redacted,redacted,zmodern,other,N,N,N,N,0,1
406,C,redacted,redacted,other,other,N,N,NA,NA,0,0
407,C,redacted,redacted,other,other,Y,NA,NA,NA,NA,1
408,C,redacted,redacted,other,other,N,NA,N,N,0,0
409,C,redacted,redacted,other,other,Y,NA,N,NA,0,1
410,C,redacted,redacted,other,triangle,NA,Y,N,N,1,3
411,C,redacted,redacted,other,other,N,NA,N,NA,0,0
412,C,redacted,redacted,other,other,N,NA,N,NA,0,0
415,C,redacted,redacted,other,triangle,N,NA,NA,NA,NA,1
416,C,redacted,redacted,zmodern,triangle,NA,NA,NA,NA,NA,2
417,C,redacted,redacted,zmodern,triangle,NA,NA,NA,NA,NA,2
418,C,redacted,redacted,other,other,N,NA,NA,NA,NA,0
419,C,redacted,redacted,zmodern,triangle,NA,NA,NA,NA,NA,2
420,C,redacted,redacted,zmodern,triangle,NA,NA,NA,NA,NA,2
421,C,redacted,redacted,zmodern,triangle,NA,NA,NA,NA,NA,2
422,C,redacted,redacted,zmodern,triangle,NA,NA,N,NA,0,2
423,C,redacted,redacted,other,other,N,NA,N,NA,0,0
424,C,redacted,redacted,zmodern,triangle,NA,NA,NA,NA,NA,2
425,C,redacted,redacted,zmodern,triangle,NA,NA,NA,NA,NA,2
426,C,redacted,redacted,zmodern,triangle,NA,NA,NA,NA,NA,2
427,C,redacted,redacted,zmodern,triangle,NA,NA,NA,NA,NA,2
428,C,redacted,redacted,zmodern,other,N,NA,NA,NA,NA,1
429,C,redacted,redacted,zmodern,triangle,N,NA,NA,NA,NA,2
430,C,redacted,redacted,zmodern,triangle,Y,NA,NA,NA,NA,3
431,C,redacted,redacted,zmodern,triangle,NA,NA,N,NA,0,2
432,C,redacted,redacted,zmodern,triangle,Y,NA,N,NA,0,3
433,C,redacted,redacted,zmodern,triangle,N,NA,Y,NA,1,4
434,C,redacted,redacted,zmodern,triangle,N,NA,NA,NA,NA,2
1089,D,redacted,redacted,zmodern,triangle,Y,Y,Y,Y,1,5
1090,D,redacted,redacted,zmodern,triangle,Y,Y,Y,Y,1,5
1091,D,redacted,redacted,zmodern,triangle,N,Y,Y,Y,1,5
1093,D,redacted,redacted,zmodern,triangle,Y,Y,Y,Y,1,5
1094,D,redacted,redacted,zmodern,other,N,Y,Y,Y,1,5
1095,D,redacted,redacted,zmodern,triangle,N,Y,Y,N,1,5
1096,D,redacted,redacted,zmodern,triangle,N,N,N,N,0,2
1097,D,redacted,redacted,zmodern,triangle,N,N,N,N,0,2
1098,D,redacted,redacted,zmodern,triangle,N,N,N,N,0,2
1102,D,redacted,redacted,other,other,N,N,NA,NA,0,0
1103,D,redacted,redacted,other,other,N,N,NA,NA,0,0
1104,D,redacted,redacted,other,other,N,N,NA,NA,0,0
1105,D,redacted,redacted,other,other,N,N,N,N,0,0
1106,D,redacted,redacted,zmodern,triangle,N,N,N,N,0,2
1107,D,redacted,redacted,other,other,N,NA,NA,NA,0,0
1108,D,redacted,redacted,other,other,N,NA,NA,NA,0,0
1109,D,redacted,redacted,zmodern,other,N,N,N,N,0,1
1110,D,redacted,redacted,other,triangle,N,N,N,N,0,1
1111,D,redacted,redacted,zmodern,triangle,N,N,N,N,0,2
1112,D,redacted,redacted,zmodern,triangle,N,N,N,N,0,2
1113,D,redacted,redacted,other,other,N,N,NA,NA,0,0
1114,D,redacted,redacted,other,other,N,N,NA,NA,0,0
1115,D,redacted,redacted,zmodern,triangle,N,N,N,N,0,2
1116,D,redacted,redacted,zmodern,other,N,N,N,N,0,1
1117,D,redacted,redacted,zmodern,triangle,N,N,NA,NA,0,2
1118,D,redacted,redacted,other,other,N,N,NA,NA,0,0
1119,D,redacted,redacted,zmodern,other,N,N,NA,NA,0,1
1120,D,redacted,redacted,zmodern,other,N,N,NA,NA,0,1
1121,D,redacted,redacted,zmodern,other,N,N,NA,NA,0,1
1122,D,redacted,redacted,other,other,N,N,NA,NA,0,0
1123,D,redacted,redacted,zmodern,triangle,N,N,N,N,0,2
1124,D,redacted,redacted,other,other,N,N,N,N,0,0
1125,D,redacted,redacted,other,other,N,N,NA,NA,0,0
1126,D,redacted,redacted,other,other,N,N,NA,NA,0,0
1127,D,redacted,redacted,other,other,N,N,N,N,0,0
1128,D,redacted,redacted,zmodern,other,N,NA,N,NA,0,1
1129,D,redacted,redacted,zmodern,other,N,N,N,N,0,1
1130,D,redacted,redacted,zmodern,other,N,N,N,N,0,1
1131,D,redacted,redacted,other,other,N,N,NA,NA,0,0
1132,D,redacted,redacted,other,other,N,N,N,N,0,0
1133,D,redacted,redacted,zmodern,triangle,N,NA,N,N,0,2
1134,D,redacted,redacted,zmodern,triangle,N,N,N,N,0,2
1135,D,redacted,redacted,zmodern,other,N,N,N,N,0,1
1136,D,redacted,redacted,zmodern,other,N,N,N,N,0,1
1137,D,redacted,redacted,other,other,N,N,NA,NA,0,0
1138,D,redacted,redacted,other,other,N,NA,N,N,0,0
1139,D,redacted,redacted,zmodern,other,N,N,N,N,0,1
1140,D,redacted,redacted,zmodern,other,N,N,N,N,0,1
1141,D,redacted,redacted,other,other,N,N,NA,NA,0,0
1142,D,redacted,redacted,zmodern,other,N,Y,Y,Y,1,5
1143,D,redacted,redacted,other,other,N,N,N,N,0,0
1144,D,redacted,redacted,other,other,N,N,NA,NA,0,0
1145,D,redacted,redacted,zmodern,other,N,NA,N,NA,0,1
1146,D,redacted,redacted,zmodern,other,N,N,N,N,0,1
1147,D,redacted,redacted,other,other,N,N,NA,NA,0,0
1148,D,redacted,redacted,other,other,N,N,NA,NA,0,0
1149,D,redacted,redacted,zmodern,triangle,N,N,N,NA,0,2
1150,D,redacted,redacted,zmodern,triangle,NA,NA,N,NA,0,2
693,E,redacted,redacted,zmodern,triangle,N,Y,Y,Y,1,5
694,E,redacted,redacted,other,triangle,N,Y,Y,Y,1,5
695,E,redacted,redacted,other,triangle,N,Y,Y,Y,1,5
696,E,redacted,redacted,other,triangle,N,Y,Y,N,1,5
697,E,redacted,redacted,other,other,N,Y,Y,N,0,0
698,E,redacted,redacted,other,triangle,Y,NA,Y,N,0,0
699,E,redacted,redacted,other,triangle,N,N,Y,N,1,3
700,E,redacted,redacted,zmodern,triangle,N,N,N,N,0,2
701,E,redacted,redacted,other,other,N,NA,N,N,0,0
702,E,redacted,redacted,other,triangle,N,N,N,N,0,1
703,E,redacted,redacted,other,other,N,N,N,N,0,0
704,E,redacted,redacted,other,other,N,N,N,N,0,0
705,E,redacted,redacted,other,triangle,N,N,N,N,0,1
706,E,redacted,redacted,other,triangle,N,N,N,N,0,1
707,E,redacted,redacted,other,other,N,N,N,N,0,0
708,E,redacted,redacted,other,triangle,N,N,N,N,0,1
709,E,redacted,redacted,other,other,N,N,N,N,0,0
710,E,redacted,redacted,other,triangle,N,N,Y,N,0,0
711,E,redacted,redacted,other,other,N,N,NA,NA,0,0
712,E,redacted,redacted,other,other,N,N,N,N,0,0
713,E,redacted,redacted,other,triangle,N,N,N,N,0,1
714,E,redacted,redacted,other,other,N,N,NA,NA,0,0
715,E,redacted,redacted,other,other,N,N,NA,NA,0,0
716,E,redacted,redacted,other,triangle,N,N,N,N,0,1
717,E,redacted,redacted,other,other,N,N,N,N,0,0
718,E,redacted,redacted,other,other,N,N,N,N,0,0
719,E,redacted,redacted,other,triangle,N,N,N,N,0,1
720,E,redacted,redacted,other,triangle,N,N,N,N,0,1
721,E,redacted,redacted,other,triangle,N,NA,N,N,0,1
722,E,redacted,redacted,other,triangle,N,N,N,N,0,1
723,E,redacted,redacted,other,other,N,N,N,N,0,0
724,E,redacted,redacted,other,other,N,NA,N,N,0,0
725,E,redacted,redacted,other,other,N,NA,N,NA,0,0
726,E,redacted,redacted,other,other,N,NA,NA,NA,0,0
727,E,redacted,redacted,other,other,N,NA,Y,N,1,2
728,E,redacted,redacted,other,triangle,N,NA,N,N,0,1
729,E,redacted,redacted,other,other,N,NA,N,NA,0,0
730,E,redacted,redacted,other,other,N,N,N,NA,0,0
731,E,redacted,redacted,other,other,N,N,NA,NA,0,0
732,E,redacted,redacted,other,other,N,N,NA,NA,0,0
733,E,redacted,redacted,zmodern,triangle,N,N,N,NA,0,2
734,E,redacted,redacted,zmodern,triangle,N,N,N,NA,0,2
735,E,redacted,redacted,other,other,N,N,N,NA,0,0
736,E,redacted,redacted,other,triangle,N,NA,N,N,0,1
549,F,redacted,redacted,zmodern,triangle,Y,Y,Y,Y,1,5
550,F,redacted,redacted,zmodern,triangle,NA,Y,Y,Y,1,5
551,F,redacted,redacted,zmodern,triangle,Y,Y,Y,NA,0,0
552,F,redacted,redacted,zmodern,triangle,N,Y,NA,NA,0,0
553,F,redacted,redacted,zmodern,triangle,Y,N,Y,NA,0,0
554,F,redacted,redacted,zmodern,triangle,Y,Y,NA,NA,0,0
555,F,redacted,redacted,zmodern,triangle,Y,Y,NA,NA,0,0
556,F,redacted,redacted,zmodern,triangle,Y,Y,NA,NA,0,0
557,F,redacted,redacted,zmodern,triangle,Y,Y,NA,NA,0,0
558,F,redacted,redacted,zmodern,triangle,Y,Y,NA,NA,0,0
559,F,redacted,redacted,zmodern,triangle,Y,Y,NA,NA,0,0
560,F,redacted,redacted,zmodern,triangle,Y,Y,NA,NA,0,0
561,F,redacted,redacted,zmodern,triangle,Y,Y,NA,NA,0,0
562,F,redacted,redacted,zmodern,triangle,N,Y,Y,Y,1,5
563,F,redacted,redacted,zmodern,triangle,N,Y,NA,NA,1,4
564,F,redacted,redacted,zmodern,triangle,N,Y,NA,NA,1,4
565,F,redacted,redacted,zmodern,triangle,N,Y,NA,NA,1,4
566,F,redacted,redacted,zmodern,triangle,N,Y,NA,NA,1,4
567,F,redacted,redacted,zmodern,triangle,N,Y,NA,NA,1,4
568,F,redacted,redacted,zmodern,triangle,N,Y,NA,NA,1,4
569,F,redacted,redacted,zmodern,triangle,N,Y,NA,NA,1,4
570,F,redacted,redacted,zmodern,triangle,N,Y,N,N,0,0
571,F,redacted,redacted,zmodern,triangle,Y,Y,NA,NA,0,0
572,F,redacted,redacted,zmodern,triangle,N,Y,NA,NA,1,4
575,F,redacted,redacted,zmodern,triangle,N,N,NA,NA,0,2
576,F,redacted,redacted,zmodern,triangle,N,N,NA,NA,0,2
577,F,redacted,redacted,zmodern,triangle,NA,N,NA,NA,0,2
578,F,redacted,redacted,zmodern,triangle,NA,N,NA,NA,0,2
579,F,redacted,redacted,zmodern,triangle,NA,N,NA,NA,0,2
580,F,redacted,redacted,zmodern,triangle,NA,N,NA,NA,0,2
581,F,redacted,redacted,zmodern,triangle,NA,N,NA,NA,0,2
582,F,redacted,redacted,zmodern,triangle,NA,N,NA,NA,0,2
583,F,redacted,redacted,zmodern,triangle,NA,N,NA,NA,0,2
584,F,redacted,redacted,zmodern,triangle,NA,N,NA,NA,0,2
585,F,redacted,redacted,zmodern,triangle,NA,N,NA,NA,0,2
586,F,redacted,redacted,zmodern,triangle,NA,N,NA,NA,0,2
587,F,redacted,redacted,zmodern,triangle,NA,N,NA,NA,0,2
588,F,redacted,redacted,zmodern,triangle,NA,N,NA,NA,0,2
589,F,redacted,redacted,zmodern,triangle,NA,N,NA,NA,0,2
590,F,redacted,redacted,zmodern,triangle,NA,N,NA,NA,0,2
591,F,redacted,redacted,zmodern,triangle,NA,N,NA,NA,0,2
592,F,redacted,redacted,zmodern,triangle,NA,N,NA,NA,0,2
593,F,redacted,redacted,zmodern,triangle,NA,N,NA,NA,0,2
594,F,redacted,redacted,zmodern,triangle,NA,N,NA,NA,0,2
595,F,redacted,redacted,zmodern,triangle,NA,N,NA,NA,0,2
596,F,redacted,redacted,zmodern,triangle,NA,N,NA,NA,0,2
597,F,redacted,redacted,zmodern,triangle,NA,N,NA,NA,0,2
598,F,redacted,redacted,zmodern,triangle,NA,N,NA,NA,0,2
599,F,redacted,redacted,zmodern,triangle,NA,N,NA,NA,0,2
600,F,redacted,redacted,zmodern,triangle,NA,N,NA,NA,0,2
601,F,redacted,redacted,zmodern,triangle,NA,N,NA,NA,0,2
602,F,redacted,redacted,zmodern,triangle,NA,N,NA,NA,0,2
603,F,redacted,redacted,zmodern,triangle,NA,N,NA,NA,0,2
604,F,redacted,redacted,zmodern,triangle,NA,N,NA,NA,0,2
605,F,redacted,redacted,zmodern,triangle,NA,N,NA,NA,0,2
606,F,redacted,redacted,zmodern,triangle,NA,N,NA,NA,0,2
607,F,redacted,redacted,zmodern,triangle,NA,N,NA,NA,0,2
608,F,redacted,redacted,zmodern,triangle,NA,N,NA,NA,0,2
609,F,redacted,redacted,zmodern,triangle,NA,N,NA,NA,0,2
610,F,redacted,redacted,zmodern,triangle,NA,N,NA,NA,0,2
611,F,redacted,redacted,zmodern,triangle,NA,N,NA,NA,0,2
612,F,redacted,redacted,zmodern,triangle,NA,N,NA,NA,0,2
613,F,redacted,redacted,zmodern,triangle,NA,N,NA,NA,0,2
614,F,redacted,redacted,zmodern,triangle,NA,N,NA,NA,0,2
615,F,redacted,redacted,zmodern,triangle,NA,N,NA,NA,0,2
616,F,redacted,redacted,zmodern,triangle,NA,N,NA,NA,0,2
617,F,redacted,redacted,zmodern,triangle,NA,N,NA,NA,0,2
618,F,redacted,redacted,zmodern,triangle,NA,N,NA,NA,0,2
619,F,redacted,redacted,zmodern,triangle,NA,N,NA,NA,0,2
620,F,redacted,redacted,zmodern,triangle,NA,N,NA,NA,0,2
621,F,redacted,redacted,zmodern,triangle,NA,N,NA,NA,0,2
622,F,redacted,redacted,zmodern,triangle,NA,N,NA,NA,0,2
623,F,redacted,redacted,zmodern,triangle,NA,N,NA,NA,0,2
624,F,redacted,redacted,zmodern,triangle,NA,N,NA,NA,0,2
625,F,redacted,redacted,zmodern,triangle,NA,N,NA,NA,0,2
626,F,redacted,redacted,zmodern,triangle,NA,N,NA,NA,0,2
627,F,redacted,redacted,zmodern,triangle,NA,N,NA,NA,0,2
628,F,redacted,redacted,zmodern,triangle,NA,N,NA,NA,0,2
629,F,redacted,redacted,zmodern,triangle,NA,N,NA,NA,0,2
630,F,redacted,redacted,zmodern,triangle,NA,N,NA,NA,0,2
631,F,redacted,redacted,zmodern,triangle,NA,N,NA,NA,0,2
632,F,redacted,redacted,zmodern,triangle,NA,N,NA,NA,0,2
633,F,redacted,redacted,zmodern,triangle,NA,N,NA,NA,0,2
634,F,redacted,redacted,zmodern,triangle,NA,N,NA,NA,0,2
635,F,redacted,redacted,zmodern,triangle,NA,N,NA,NA,0,2
636,F,redacted,redacted,zmodern,triangle,NA,N,NA,NA,0,2
637,F,redacted,redacted,zmodern,triangle,NA,N,NA,NA,0,2
638,F,redacted,redacted,zmodern,triangle,NA,N,NA,NA,0,2
639,F,redacted,redacted,zmodern,triangle,NA,N,NA,NA,0,2
640,F,redacted,redacted,zmodern,triangle,NA,N,NA,NA,0,2
641,F,redacted,redacted,zmodern,triangle,NA,N,NA,NA,0,2
642,F,redacted,redacted,zmodern,triangle,NA,N,NA,NA,0,2
643,F,redacted,redacted,zmodern,triangle,NA,N,NA,NA,0,2
644,F,redacted,redacted,zmodern,triangle,NA,N,NA,NA,0,2
645,F,redacted,redacted,zmodern,triangle,NA,N,NA,NA,0,2
646,F,redacted,redacted,zmodern,triangle,NA,N,NA,NA,0,2
647,F,redacted,redacted,zmodern,triangle,NA,N,NA,NA,0,2
648,F,redacted,redacted,zmodern,triangle,NA,N,NA,NA,0,2
649,F,redacted,redacted,zmodern,triangle,NA,N,NA,NA,0,2
650,F,redacted,redacted,zmodern,triangle,NA,N,NA,NA,0,2
651,F,redacted,redacted,zmodern,triangle,NA,N,NA,NA,0,2
652,F,redacted,redacted,zmodern,triangle,NA,N,NA,NA,0,2
859,G,redacted,redacted,zmodern,triangle,Y,Y,Y,Y,1,5
860,G,redacted,redacted,zmodern,triangle,Y,Y,Y,Y,0,0
861,G,redacted,redacted,other,triangle,N,Y,NA,NA,1,3
862,G,redacted,redacted,zmodern,triangle,N,Y,Y,N,0,0
863,G,redacted,redacted,zmodern,triangle,N,Y,Y,N,1,5
864,G,redacted,redacted,other,other,N,Y,Y,Y,0,0
865,G,redacted,redacted,other,other,N,N,N,N,0,0
866,G,redacted,redacted,other,other,N,N,N,N,0,0
867,G,redacted,redacted,other,other,N,N,N,N,0,0
868,G,redacted,redacted,other,triangle,N,N,N,N,0,1
869,G,redacted,redacted,other,other,N,N,N,N,0,0
870,G,redacted,redacted,other,other,N,NA,NA,NA,NA,0
871,G,redacted,redacted,other,triangle,N,NA,NA,NA,NA,1
872,G,redacted,redacted,zmodern,triangle,N,N,N,N,0,2
873,G,redacted,redacted,other,other,N,NA,NA,NA,0,0
874,G,redacted,redacted,other,other,N,N,N,N,0,0
875,G,redacted,redacted,other,other,N,N,N,N,0,0
876,G,redacted,redacted,other,other,N,N,N,N,0,0
877,G,redacted,redacted,zmodern,triangle,N,N,N,NA,0,2
878,G,redacted,redacted,other,triangle,N,N,N,NA,0,1
879,G,redacted,redacted,other,other,N,N,NA,NA,0,0
880,G,redacted,redacted,other,other,N,N,NA,NA,0,0
881,G,redacted,redacted,other,other,N,N,N,N,0,0
882,G,redacted,redacted,other,other,N,N,NA,NA,0,0
883,G,redacted,redacted,zmodern,triangle,N,NA,NA,NA,NA,2
884,G,redacted,redacted,other,other,N,N,NA,NA,0,0
885,G,redacted,redacted,other,other,N,N,NA,NA,0,0
886,G,redacted,redacted,other,other,N,N,NA,NA,0,0
887,G,redacted,redacted,other,triangle,N,N,NA,NA,0,1
888,G,redacted,redacted,zmodern,triangle,N,N,N,NA,0,2
889,G,redacted,redacted,other,triangle,N,N,NA,NA,0,0
890,G,redacted,redacted,other,triangle,N,N,NA,NA,0,0
891,G,redacted,redacted,other,other,N,NA,NA,NA,NA,0
892,G,redacted,redacted,other,other,N,NA,NA,NA,0,0
893,G,redacted,redacted,other,triangle,N,NA,NA,NA,NA,1
894,G,redacted,redacted,other,triangle,N,NA,N,N,0,1
895,G,redacted,redacted,other,other,N,NA,N,NA,0,0
896,G,redacted,redacted,other,triangle,N,N,N,NA,0,1
897,G,redacted,redacted,other,other,N,N,N,NA,0,0
898,G,redacted,redacted,other,other,N,N,N,NA,0,0
899,G,redacted,redacted,other,other,N,N,NA,NA,0,0
900,G,redacted,redacted,other,other,N,N,NA,NA,0,0
901,G,redacted,redacted,other,other,N,N,N,NA,0,0
902,G,redacted,redacted,other,other,N,N,N,NA,0,0
903,G,redacted,redacted,other,other,N,N,NA,NA,0,0
904,G,redacted,redacted,other,triangle,N,N,N,NA,0,1
905,G,redacted,redacted,other,other,N,N,N,NA,0,0
906,G,redacted,redacted,other,other,N,N,N,NA,0,0
907,G,redacted,redacted,other,other,N,N,NA,NA,0,0
908,G,redacted,redacted,other,other,N,N,NA,NA,0,0
909,G,redacted,redacted,zmodern,triangle,Y,N,N,NA,0,3
910,G,redacted,redacted,other,triangle,N,N,N,NA,0,1
911,G,redacted,redacted,other,triangle,N,N,N,NA,0,1
912,G,redacted,redacted,other,other,N,NA,N,NA,0,0
913,G,redacted,redacted,other,other,N,NA,NA,NA,0,0
914,G,redacted,redacted,other,other,N,NA,N,N,0,0
915,G,redacted,redacted,other,triangle,N,N,N,NA,0,1
916,G,redacted,redacted,other,triangle,N,N,N,N,0,1
917,G,redacted,redacted,other,other,N,N,N,N,0,0
918,G,redacted,redacted,other,other,N,N,N,N,0,0
919,G,redacted,redacted,zmodern,triangle,N,N,N,NA,0,2
920,G,redacted,redacted,other,other,N,N,NA,NA,0,0
921,G,redacted,redacted,zmodern,triangle,N,N,NA,NA,0,2
922,G,redacted,redacted,zmodern,triangle,N,N,NA,NA,0,2
923,G,redacted,redacted,zmodern,other,N,N,NA,NA,0,1
924,G,redacted,redacted,other,other,N,N,N,NA,0,0
925,G,redacted,redacted,other,other,N,N,N,NA,0,0
926,G,redacted,redacted,other,other,Y,N,N,NA,0,1
927,G,redacted,redacted,other,other,N,N,N,NA,0,0
928,G,redacted,redacted,other,other,N,N,NA,NA,0,0
929,G,redacted,redacted,other,other,N,NA,N,NA,0,0
930,G,redacted,redacted,other,other,N,NA,NA,NA,0,0
931,G,redacted,redacted,other,other,N,NA,NA,NA,0,0
932,G,redacted,redacted,other,other,N,NA,N,N,0,0
933,G,redacted,redacted,other,triangle,N,N,N,N,0,1
934,G,redacted,redacted,other,other,N,NA,NA,NA,0,0
935,G,redacted,redacted,zmodern,triangle,NA,NA,N,NA,0,2
936,G,redacted,redacted,other,triangle,N,N,N,N,0,1
937,G,redacted,redacted,other,other,N,N,NA,NA,0,0
938,G,redacted,redacted,other,triangle,N,N,N,N,0,1
939,G,redacted,redacted,other,triangle,N,NA,N,NA,0,1
940,G,redacted,redacted,other,triangle,N,NA,N,N,0,1
943,G,redacted,redacted,other,triangle,NA,N,NA,NA,0,1
944,H,redacted,redacted,other,triangle,N,NA,N,NA,0,1
945,H,redacted,redacted,zmodern,triangle,Y,Y,Y,Y,1,5
946,H,redacted,redacted,zmodern,triangle,N,Y,Y,N,1,5
947,H,redacted,redacted,zmodern,triangle,N,Y,Y,NA,1,5
948,H,redacted,redacted,other,other,N,Y,NA,NA,0,0
949,H,redacted,redacted,zmodern,triangle,Y,Y,Y,Y,1,5
950,H,redacted,redacted,zmodern,triangle,N,N,Y,Y,1,5
951,H,redacted,redacted,other,triangle,N,Y,Y,Y,1,5
952,H,redacted,redacted,zmodern,triangle,N,Y,Y,Y,1,5
953,H,redacted,redacted,other,other,N,Y,NA,NA,0,0
954,H,redacted,redacted,zmodern,triangle,N,Y,Y,N,1,5
955,H,redacted,redacted,other,other,N,Y,NA,NA,0,0
956,H,redacted,redacted,other,other,N,Y,NA,NA,0,0
957,H,redacted,redacted,other,triangle,N,Y,Y,N,0,0
958,H,redacted,redacted,zmodern,triangle,N,N,N,N,0,2
959,H,redacted,redacted,zmodern,triangle,N,N,N,N,0,2
960,H,redacted,redacted,other,triangle,N,N,N,N,0,1
961,H,redacted,redacted,other,other,N,NA,N,NA,0,0
962,H,redacted,redacted,other,other,N,NA,N,N,0,0
963,H,redacted,redacted,other,other,N,NA,NA,NA,0,0
964,H,redacted,redacted,other,other,N,N,NA,NA,0,0
965,H,redacted,redacted,other,triangle,N,N,N,NA,0,1
966,H,redacted,redacted,other,other,N,N,NA,NA,0,0
967,H,redacted,redacted,zmodern,other,N,NA,NA,NA,NA,1
968,H,redacted,redacted,other,other,N,N,N,NA,0,0
969,H,redacted,redacted,other,other,N,N,NA,NA,0,0
970,H,redacted,redacted,other,other,N,N,NA,NA,0,0
971,H,redacted,redacted,zmodern,triangle,N,N,NA,NA,0,2
972,H,redacted,redacted,other,triangle,N,N,N,NA,0,1
973,H,redacted,redacted,other,other,N,N,N,NA,0,0
974,H,redacted,redacted,other,other,N,N,NA,NA,0,0
975,H,redacted,redacted,other,other,N,N,NA,NA,0,0
976,H,redacted,redacted,other,other,N,N,NA,NA,0,0
977,H,redacted,redacted,other,triangle,N,N,NA,NA,0,1
978,H,redacted,redacted,other,other,N,N,NA,NA,0,0
979,H,redacted,redacted,other,other,N,N,NA,NA,0,0
980,H,redacted,redacted,other,triangle,N,N,NA,NA,0,1
981,H,redacted,redacted,other,triangle,N,N,NA,NA,0,1
982,H,redacted,redacted,other,other,N,N,NA,NA,0,0
983,H,redacted,redacted,other,other,N,N,NA,NA,0,0
984,H,redacted,redacted,other,other,N,NA,N,NA,0,0
985,H,redacted,redacted,other,triangle,N,N,N,NA,0,1
986,H,redacted,redacted,other,triangle,N,NA,N,NA,0,1
987,H,redacted,redacted,other,other,N,N,NA,NA,0,0
988,H,redacted,redacted,other,other,N,N,NA,NA,0,0
989,H,redacted,redacted,other,triangle,N,NA,N,NA,0,1
990,H,redacted,redacted,other,other,N,N,N,NA,0,0
991,H,redacted,redacted,other,other,N,N,NA,NA,0,0
992,H,redacted,redacted,other,other,N,N,NA,NA,0,0
993,H,redacted,redacted,other,other,N,N,N,NA,0,0
994,H,redacted,redacted,other,triangle,N,N,N,NA,0,1
995,H,redacted,redacted,other,other,N,N,NA,NA,0,1
996,H,redacted,redacted,other,other,N,N,N,NA,0,0
997,H,redacted,redacted,other,other,N,N,N,NA,0,0
998,H,redacted,redacted,other,other,N,N,N,N,0,0
999,H,redacted,redacted,other,other,N,Y,N,N,1,2
1000,H,redacted,redacted,other,other,N,N,NA,NA,0,0
1001,H,redacted,redacted,zmodern,triangle,N,N,N,NA,0,2
1002,H,redacted,redacted,other,other,N,N,NA,NA,0,0
1003,H,redacted,redacted,other,other,N,N,NA,NA,0,0
1004,H,redacted,redacted,other,triangle,N,N,NA,NA,0,1
1005,H,redacted,redacted,other,triangle,N,N,N,NA,0,0
1006,H,redacted,redacted,other,triangle,N,N,NA,NA,0,1
1007,H,redacted,redacted,other,triangle,N,N,N,N,0,0
1008,H,redacted,redacted,other,other,N,N,N,N,0,0
1009,H,redacted,redacted,other,other,N,NA,N,N,0,0
1010,H,redacted,redacted,other,other,N,NA,N,N,0,0
1011,H,redacted,redacted,other,other,N,NA,N,N,0,0
1012,H,redacted,redacted,other,other,N,N,NA,NA,0,0
1013,H,redacted,redacted,other,other,N,N,N,NA,0,0
1014,H,redacted,redacted,other,other,N,N,N,NA,0,0
1015,H,redacted,redacted,other,triangle,N,N,N,N,0,1
1016,H,redacted,redacted,other,other,N,N,NA,NA,0,0
1017,H,redacted,redacted,other,other,N,N,N,N,0,0
1018,H,redacted,redacted,other,other,N,N,N,N,0,0
1019,H,redacted,redacted,other,other,N,N,NA,NA,0,0
1020,H,redacted,redacted,other,other,N,N,N,N,0,0
1021,H,redacted,redacted,other,other,N,NA,N,NA,0,0
1022,H,redacted,redacted,other,triangle,N,NA,N,N,0,1
1023,H,redacted,redacted,other,other,N,N,NA,NA,0,0
1024,H,redacted,redacted,other,other,N,N,N,N,0,0
1025,H,redacted,redacted,zmodern,triangle,Y,N,NA,NA,0,3
1026,H,redacted,redacted,other,triangle,N,N,NA,NA,0,1
1027,H,redacted,redacted,other,other,N,N,NA,NA,0,0
1028,H,redacted,redacted,other,triangle,N,N,N,NA,0,1
1029,H,redacted,redacted,other,other,N,N,N,NA,0,0
1030,H,redacted,redacted,other,other,N,N,NA,NA,0,0
1031,H,redacted,redacted,other,other,N,N,NA,NA,0,0
1032,H,redacted,redacted,other,triangle,N,N,N,NA,0,1
1033,H,redacted,redacted,other,other,N,N,N,NA,0,0
1034,H,redacted,redacted,other,other,N,N,NA,NA,0,0
1035,H,redacted,redacted,other,other,N,N,NA,NA,0,0
1036,H,redacted,redacted,other,triangle,N,N,N,NA,0,1
1037,H,redacted,redacted,other,other,N,N,NA,NA,0,0
1038,H,redacted,redacted,other,triangle,N,NA,N,N,0,1
1039,H,redacted,redacted,other,triangle,N,NA,N,N,0,1
1040,H,redacted,redacted,other,triangle,N,N,N,NA,0,1
1041,H,redacted,redacted,other,other,N,N,NA,NA,0,0
1042,H,redacted,redacted,zmodern,triangle,N,N,N,NA,0,2
1043,H,redacted,redacted,zmodern,other,N,N,N,NA,0,1
1044,H,redacted,redacted,zmodern,other,N,N,N,NA,0,1
1045,H,redacted,redacted,other,other,N,N,NA,NA,0,0
1046,H,redacted,redacted,other,other,N,N,N,N,0,0
1047,H,redacted,redacted,other,other,N,N,N,N,0,0
1048,H,redacted,redacted,other,triangle,N,N,N,NA,0,1
1049,H,redacted,redacted,other,other,N,N,NA,NA,0,0
1050,H,redacted,redacted,other,other,N,N,NA,NA,0,0
1051,H,redacted,redacted,other,other,N,N,N,NA,0,0
1052,H,redacted,redacted,other,other,Y,N,N,N,0,1
1053,H,redacted,redacted,zmodern,triangle,Y,N,N,NA,0,3
1054,H,redacted,redacted,zmodern,triangle,Y,N,N,NA,0,3
1055,H,redacted,redacted,other,other,N,N,N,NA,0,0
1056,H,redacted,redacted,other,triangle,N,N,N,N,0,1
1057,H,redacted,redacted,zmodern,triangle,N,N,N,NA,0,2
1058,H,redacted,redacted,other,other,N,N,N,N,0,0
1059,H,redacted,redacted,other,other,N,N,NA,NA,0,0
1060,H,redacted,redacted,other,triangle,N,N,N,NA,0,1
1061,H,redacted,redacted,other,other,N,N,N,NA,0,0
1062,H,redacted,redacted,other,other,N,N,NA,NA,0,0
1063,H,redacted,redacted,other,triangle,N,N,N,NA,0,1
1064,H,redacted,redacted,other,other,N,N,N,N,0,0
1065,H,redacted,redacted,other,other,N,N,N,NA,0,0
1066,H,redacted,redacted,other,other,N,N,N,NA,0,0
1067,H,redacted,redacted,other,other,N,N,NA,NA,0,0
1068,H,redacted,redacted,other,triangle,N,NA,N,N,0,1
1069,H,redacted,redacted,other,other,N,N,NA,NA,0,0
1070,H,redacted,redacted,other,other,N,NA,NA,NA,NA,0
1071,H,redacted,redacted,other,triangle,N,N,N,NA,0,1
1072,H,redacted,redacted,other,other,N,N,N,NA,0,0
1073,H,redacted,redacted,zmodern,triangle,N,N,N,NA,0,2
1074,H,redacted,redacted,other,other,N,N,N,NA,0,0
1075,H,redacted,redacted,other,triangle,N,N,N,NA,0,1
1076,H,redacted,redacted,other,triangle,N,N,N,NA,0,0
1077,H,redacted,redacted,other,other,N,N,NA,NA,0,0
1078,H,redacted,redacted,other,triangle,N,N,N,NA,0,1
1079,H,redacted,redacted,other,other,N,N,N,NA,0,0
1080,H,redacted,redacted,zmodern,other,N,N,N,NA,0,1
1081,H,redacted,redacted,other,other,N,N,N,NA,0,0
1082,H,redacted,redacted,other,triangle,N,N,N,NA,0,1
1083,H,redacted,redacted,other,triangle,N,N,N,NA,0,1
1084,H,redacted,redacted,other,other,N,N,NA,NA,0,0
1085,H,redacted,redacted,other,triangle,N,N,Y,N,1,3
1086,H,redacted,redacted,zmodern,triangle,Y,N,N,NA,0,3
1087,H,redacted,redacted,other,other,N,NA,N,NA,0,1
1088,H,redacted,redacted,other,triangle,N,NA,N,N,0,1
435,I,redacted,redacted,other,other,N,Y,NA,NA,0,0
436,I,redacted,redacted,zmodern,triangle,N,Y,Y,N,1,5
437,I,redacted,redacted,other,other,N,Y,NA,NA,0,0
438,I,redacted,redacted,other,other,N,Y,NA,NA,0,0
439,I,redacted,redacted,other,other,N,Y,NA,NA,0,0
440,I,redacted,redacted,zmodern,triangle,N,NA,Y,N,1,4
441,I,redacted,redacted,other,other,N,Y,NA,NA,0,0
442,I,redacted,redacted,other,triangle,N,NA,Y,N,1,3
443,I,redacted,redacted,zmodern,other,N,N,N,N,0,1
444,I,redacted,redacted,zmodern,triangle,N,N,N,N,0,2
445,I,redacted,redacted,other,other,N,N,NA,NA,0,0
446,I,redacted,redacted,zmodern,triangle,N,N,N,NA,0,2
447,I,redacted,redacted,zmodern,triangle,N,N,N,NA,0,2
448,I,redacted,redacted,zmodern,other,N,N,N,NA,0,1
449,I,redacted,redacted,zmodern,other,N,N,NA,NA,0,1
450,I,redacted,redacted,zmodern,other,N,N,NA,NA,0,1
451,I,redacted,redacted,zmodern,triangle,N,NA,N,N,0,2
452,I,redacted,redacted,other,other,N,N,NA,NA,0,0
453,I,redacted,redacted,zmodern,other,N,N,NA,NA,0,1
454,I,redacted,redacted,zmodern,other,N,N,NA,NA,0,1
455,I,redacted,redacted,zmodern,other,N,N,NA,NA,0,1
456,I,redacted,redacted,zmodern,triangle,N,N,NA,NA,0,2
457,I,redacted,redacted,other,other,N,N,NA,NA,0,0
458,I,redacted,redacted,zmodern,other,N,N,NA,NA,0,1
459,I,redacted,redacted,zmodern,other,N,N,NA,NA,0,1
460,I,redacted,redacted,other,other,N,N,NA,NA,0,0
461,I,redacted,redacted,other,other,N,N,NA,NA,0,0
462,I,redacted,redacted,other,other,N,N,NA,NA,0,0
463,I,redacted,redacted,other,other,N,N,NA,NA,0,0
464,I,redacted,redacted,other,other,N,N,NA,NA,0,0
465,I,redacted,redacted,other,triangle,N,N,NA,NA,0,1
466,I,redacted,redacted,other,triangle,N,N,NA,NA,0,1
467,I,redacted,redacted,other,other,N,N,NA,NA,0,0
468,I,redacted,redacted,other,other,N,N,NA,NA,0,0
469,I,redacted,redacted,other,other,N,N,NA,NA,0,0
470,I,redacted,redacted,other,triangle,N,N,NA,NA,0,1
471,I,redacted,redacted,other,other,N,N,NA,NA,0,0
472,I,redacted,redacted,other,other,N,N,NA,NA,0,0
473,I,redacted,redacted,other,other,N,N,NA,NA,0,0
474,I,redacted,redacted,other,other,N,N,N,NA,0,0
475,I,redacted,redacted,other,other,N,NA,N,NA,0,0
476,I,redacted,redacted,other,other,N,N,NA,NA,0,0
477,I,redacted,redacted,other,other,N,N,N,N,0,0
478,I,redacted,redacted,other,other,N,NA,N,NA,0,0
479,I,redacted,redacted,other,other,N,NA,N,NA,0,0
480,I,redacted,redacted,other,other,N,N,NA,NA,0,0
481,I,redacted,redacted,other,other,N,NA,N,NA,0,0
482,I,redacted,redacted,other,other,N,NA,N,NA,0,0
483,I,redacted,redacted,other,other,N,N,N,NA,0,0
484,I,redacted,redacted,other,other,N,N,N,NA,0,0
485,I,redacted,redacted,other,other,N,N,NA,NA,0,0
486,I,redacted,redacted,other,other,N,N,NA,NA,0,0
487,I,redacted,redacted,other,other,N,NA,N,N,0,0
488,I,redacted,redacted,zmodern,other,N,N,N,NA,0,1
489,I,redacted,redacted,other,other,N,N,NA,NA,0,0
490,I,redacted,redacted,zmodern,other,N,N,N,NA,0,1
491,I,redacted,redacted,zmodern,other,N,N,N,NA,0,1
492,I,redacted,redacted,other,other,N,N,NA,NA,0,0
493,I,redacted,redacted,other,other,N,N,NA,NA,0,0
494,I,redacted,redacted,other,other,N,N,N,NA,0,0
495,I,redacted,redacted,other,other,N,N,N,NA,0,0
496,I,redacted,redacted,other,other,N,N,N,NA,0,0
497,I,redacted,redacted,other,other,N,NA,N,NA,0,0
498,I,redacted,redacted,other,other,N,N,N,NA,0,0
499,I,redacted,redacted,other,other,N,N,N,N,0,0
500,I,redacted,redacted,other,other,N,N,NA,NA,0,0
501,I,redacted,redacted,other,other,N,N,N,NA,0,0
502,I,redacted,redacted,other,other,N,N,N,NA,0,0
503,I,redacted,redacted,other,other,N,N,N,N,0,0
504,I,redacted,redacted,other,other,N,N,N,NA,0,0
505,I,redacted,redacted,other,other,N,N,NA,NA,0,0
506,I,redacted,redacted,other,other,N,N,N,NA,0,0
507,I,redacted,redacted,other,triangle,N,N,N,NA,0,1
508,I,redacted,redacted,other,other,N,N,N,N,0,0
509,I,redacted,redacted,other,other,N,NA,N,NA,0,0
510,I,redacted,redacted,other,triangle,N,N,N,NA,0,1
511,I,redacted,redacted,other,other,N,N,N,NA,0,0
512,I,redacted,redacted,other,other,N,N,NA,NA,0,0
513,I,redacted,redacted,other,other,N,N,NA,NA,0,0
514,I,redacted,redacted,other,other,N,N,N,NA,0,0
515,I,redacted,redacted,other,other,N,N,NA,NA,0,0
516,I,redacted,redacted,other,other,N,N,NA,NA,0,0
517,I,redacted,redacted,other,other,N,N,N,NA,0,1
518,I,redacted,redacted,other,other,N,NA,N,NA,0,0
519,I,redacted,redacted,other,other,N,NA,N,NA,0,0
520,I,redacted,redacted,other,other,N,N,NA,NA,0,0
521,I,redacted,redacted,other,other,N,N,N,NA,0,0
522,I,redacted,redacted,other,other,N,NA,N,NA,0,0
523,I,redacted,redacted,other,triangle,N,N,N,NA,0,1
524,I,redacted,redacted,other,triangle,N,N,N,NA,0,1
525,I,redacted,redacted,other,triangle,N,N,N,NA,0,1
526,I,redacted,redacted,other,other,N,N,N,N,0,0
527,I,redacted,redacted,other,triangle,N,NA,N,NA,0,1
528,I,redacted,redacted,other,other,N,N,NA,NA,0,0
529,I,redacted,redacted,other,other,N,N,NA,NA,0,0
530,I,redacted,redacted,other,triangle,N,N,N,N,0,0
531,I,redacted,redacted,other,other,N,N,NA,NA,0,0
532,I,redacted,redacted,other,triangle,N,N,N,NA,0,1
533,I,redacted,redacted,other,triangle,N,N,N,NA,0,1
534,I,redacted,redacted,other,triangle,N,N,N,NA,0,1
535,I,redacted,redacted,other,other,N,N,N,N,0,0
536,I,redacted,redacted,other,other,N,N,NA,NA,0,0
537,I,redacted,redacted,other,other,N,N,N,NA,0,1
538,I,redacted,redacted,other,other,N,N,NA,NA,0,0
539,I,redacted,redacted,zmodern,triangle,N,NA,NA,NA,NA,2
540,I,redacted,redacted,zmodern,other,N,NA,NA,NA,NA,1
541,I,redacted,redacted,zmodern,other,N,NA,NA,NA,NA,1
542,I,redacted,redacted,zmodern,other,N,NA,NA,NA,NA,1
543,I,redacted,redacted,zmodern,other,N,NA,NA,NA,NA,1
544,I,redacted,redacted,other,triangle,N,NA,NA,NA,NA,1
545,I,redacted,redacted,other,other,N,NA,NA,NA,NA,0
546,I,redacted,redacted,other,other,N,NA,N,NA,0,0
547,I,redacted,redacted,other,triangle,N,NA,NA,NA,NA,1
548,I,redacted,redacted,other,triangle,N,NA,N,NA,0,1
737,J,redacted,redacted,zmodern,triangle,Y,Y,Y,Y,1,5
739,J,redacted,redacted,other,other,N,Y,Y,N,1,4
740,J,redacted,redacted,zmodern,triangle,N,Y,Y,Y,1,5
741,J,redacted,redacted,zmodern,triangle,N,NA,Y,Y,1,5
742,J,redacted,redacted,other,other,N,N,NA,NA,0,0
743,J,redacted,redacted,zmodern,other,N,N,N,N,0,1
744,J,redacted,redacted,zmodern,other,N,N,N,N,0,1
745,J,redacted,redacted,other,other,N,N,N,N,0,0
746,J,redacted,redacted,other,other,N,N,N,N,0,0
747,J,redacted,redacted,other,triangle,N,N,N,N,0,1
748,J,redacted,redacted,other,other,N,NA,N,N,0,0
749,J,redacted,redacted,other,other,N,NA,N,NA,0,0
750,J,redacted,redacted,other,other,N,N,N,NA,0,0
751,J,redacted,redacted,other,triangle,N,N,N,NA,0,1
752,J,redacted,redacted,other,other,N,N,NA,NA,0,0
753,J,redacted,redacted,other,other,N,NA,NA,NA,NA,0
754,J,redacted,redacted,other,other,N,N,N,N,0,0
755,J,redacted,redacted,other,triangle,N,N,N,N,0,1
756,J,redacted,redacted,other,other,N,N,NA,NA,0,0
757,J,redacted,redacted,other,other,N,NA,N,NA,0,0
758,J,redacted,redacted,other,other,N,N,NA,NA,0,0
759,J,redacted,redacted,other,triangle,N,N,NA,NA,0,1
760,J,redacted,redacted,other,other,N,N,NA,NA,0,0
761,J,redacted,redacted,other,other,N,N,NA,NA,0,0
762,J,redacted,redacted,other,other,N,N,N,N,0,0
763,J,redacted,redacted,other,other,N,N,NA,NA,0,0
764,J,redacted,redacted,other,triangle,N,NA,N,NA,0,1
765,J,redacted,redacted,other,triangle,N,NA,N,NA,0,1
766,J,redacted,redacted,other,other,N,NA,N,NA,0,0
767,J,redacted,redacted,other,other,N,NA,NA,NA,0,0
768,J,redacted,redacted,other,other,N,NA,NA,NA,0,0
769,J,redacted,redacted,zmodern,triangle,N,N,N,N,0,2
770,J,redacted,redacted,other,other,N,N,NA,NA,0,0
771,J,redacted,redacted,other,other,N,N,N,NA,0,0
772,J,redacted,redacted,other,other,N,N,NA,NA,0,0
773,J,redacted,redacted,other,other,N,N,N,NA,0,0
774,J,redacted,redacted,other,other,N,N,N,NA,0,0
775,J,redacted,redacted,other,triangle,N,N,N,NA,0,1
776,J,redacted,redacted,other,other,Y,N,N,NA,0,1
777,J,redacted,redacted,other,other,N,N,N,N,0,0
778,J,redacted,redacted,other,triangle,N,NA,N,N,0,1
779,J,redacted,redacted,other,triangle,N,NA,N,NA,0,1
780,J,redacted,redacted,other,other,N,NA,NA,NA,0,0
781,J,redacted,redacted,other,other,N,NA,NA,NA,0,0
782,J,redacted,redacted,other,other,N,NA,NA,NA,0,0
783,J,redacted,redacted,other,other,N,NA,N,NA,0,0
784,J,redacted,redacted,other,other,N,N,NA,NA,0,0
790,J,redacted,redacted,other,other,N,N,NA,NA,0,0
791,J,redacted,redacted,other,triangle,N,N,N,NA,0,1
792,J,redacted,redacted,other,triangle,N,N,N,NA,0,1
793,J,redacted,redacted,other,triangle,N,N,N,NA,0,1
794,J,redacted,redacted,other,triangle,N,N,NA,NA,0,1
795,J,redacted,redacted,other,other,N,N,NA,NA,0,0
796,J,redacted,redacted,other,triangle,N,N,N,NA,0,1
797,J,redacted,redacted,other,other,N,N,NA,NA,0,0
798,J,redacted,redacted,other,other,N,N,NA,NA,0,0
799,J,redacted,redacted,other,other,N,NA,N,NA,0,0
800,J,redacted,redacted,other,other,N,N,N,N,0,0
801,J,redacted,redacted,other,other,N,N,N,NA,0,0
802,J,redacted,redacted,other,other,N,N,N,NA,0,0
803,J,redacted,redacted,other,triangle,N,NA,N,N,0,1
804,J,redacted,redacted,other,other,N,NA,NA,NA,0,0
805,J,redacted,redacted,other,other,N,N,N,NA,0,0
806,J,redacted,redacted,other,other,N,N,NA,NA,0,0
807,J,redacted,redacted,other,other,N,NA,N,NA,0,0
808,J,redacted,redacted,other,triangle,N,NA,N,N,0,1
809,J,redacted,redacted,other,triangle,N,N,N,N,0,1
810,J,redacted,redacted,other,triangle,N,N,NA,NA,0,1
811,J,redacted,redacted,other,other,N,NA,N,NA,0,0
812,J,redacted,redacted,other,other,N,N,N,NA,0,0
813,J,redacted,redacted,other,other,N,N,N,NA,0,0
814,J,redacted,redacted,other,other,N,N,NA,NA,0,0
815,J,redacted,redacted,other,other,N,N,N,NA,0,0
816,J,redacted,redacted,other,other,N,NA,N,NA,0,0
817,J,redacted,redacted,other,triangle,N,NA,N,N,0,1
818,J,redacted,redacted,other,triangle,N,N,N,NA,0,1
819,J,redacted,redacted,other,triangle,N,N,N,NA,0,1
820,J,redacted,redacted,other,other,N,N,NA,NA,0,0
821,J,redacted,redacted,other,other,N,N,N,N,0,0
822,J,redacted,redacted,other,other,N,N,N,N,0,0
823,J,redacted,redacted,zmodern,triangle,N,N,N,N,0,2
824,J,redacted,redacted,other,other,N,NA,N,NA,0,0
825,J,redacted,redacted,other,other,N,NA,N,NA,0,0
826,J,redacted,redacted,other,triangle,N,NA,N,NA,0,1
827,J,redacted,redacted,other,other,N,N,NA,NA,0,0
828,J,redacted,redacted,other,triangle,N,NA,NA,NA,0,0
829,J,redacted,redacted,other,other,N,N,N,NA,0,0
831,J,redacted,redacted,other,triangle,N,N,N,NA,0,1
832,J,redacted,redacted,other,other,N,N,NA,NA,0,0
833,J,redacted,redacted,other,triangle,N,N,N,NA,0,1
834,J,redacted,redacted,other,other,Y,N,N,NA,0,1
835,J,redacted,redacted,other,other,N,N,N,NA,0,0
836,J,redacted,redacted,other,other,N,NA,NA,NA,NA,0
837,J,redacted,redacted,other,triangle,N,N,N,NA,0,1
838,J,redacted,redacted,other,other,N,N,NA,NA,0,0
839,J,redacted,redacted,other,other,N,N,N,NA,0,0
840,J,redacted,redacted,other,triangle,N,N,N,NA,0,1
841,J,redacted,redacted,other,other,N,N,NA,NA,0,0
842,J,redacted,redacted,other,other,N,N,NA,NA,0,0
843,J,redacted,redacted,other,other,N,N,N,NA,0,0
844,J,redacted,redacted,other,triangle,N,NA,N,NA,0,1
845,J,redacted,redacted,other,triangle,N,NA,N,NA,0,1
846,J,redacted,redacted,other,triangle,N,NA,N,NA,0,1
848,J,redacted,redacted,other,triangle,N,NA,N,NA,0,1
849,J,redacted,redacted,other,other,N,N,N,N,0,0
850,J,redacted,redacted,other,other,N,N,N,N,0,0
851,J,redacted,redacted,other,other,N,N,N,NA,0,0
852,J,redacted,redacted,other,other,N,N,NA,NA,0,0
853,J,redacted,redacted,other,other,N,N,N,NA,0,0
854,J,redacted,redacted,other,triangle,N,N,N,N,0,1
855,J,redacted,redacted,other,triangle,N,NA,N,NA,0,1
856,J,redacted,redacted,other,triangle,N,NA,N,NA,0,1
857,J,redacted,redacted,other,other,N,NA,N,NA,0,0
858,J,redacted,redacted,zmodern,triangle,NA,NA,NA,NA,NA,2
